-- ============================================================
-- Real Estate Platform — Seed Data
-- Run in Supabase SQL Editor after all migrations
-- ============================================================
-- To remove all seed data:
--   DELETE FROM audit_log WHERE org_id = 'a1000000-0000-0000-0000-000000000001';
--   DELETE FROM leases WHERE org_id = 'a1000000-0000-0000-0000-000000000001';
--   DELETE FROM spaces WHERE org_id = 'a1000000-0000-0000-0000-000000000001';
--   DELETE FROM tenants WHERE org_id = 'a1000000-0000-0000-0000-000000000001';
--   DELETE FROM properties WHERE org_id = 'a1000000-0000-0000-0000-000000000001';
--   DELETE FROM portfolios WHERE org_id = 'a1000000-0000-0000-0000-000000000001';
--   DELETE FROM users WHERE org_id = 'a1000000-0000-0000-0000-000000000001';
--   DELETE FROM organizations WHERE id = 'a1000000-0000-0000-0000-000000000001';
-- ============================================================

BEGIN;

-- ============================================================
-- 1. ORGANIZATION
-- ============================================================
INSERT INTO organizations (id, name, slug, org_type, industry, settings) VALUES
('a1000000-0000-0000-0000-000000000001', 'Apex Capital Partners', 'apex-capital', 'reit', 'commercial_real_estate', '{"default_currency": "USD", "fiscal_year_start": "01-01"}');

-- ============================================================
-- 2. USERS
-- ============================================================
INSERT INTO users (id, org_id, email, full_name, role) VALUES
('b1000000-0000-0000-0000-000000000001', 'a1000000-0000-0000-0000-000000000001', 'sarah.chen@apexcapital.com', 'Sarah Chen', 'admin'),
('b1000000-0000-0000-0000-000000000002', 'a1000000-0000-0000-0000-000000000001', 'marcus.johnson@apexcapital.com', 'Marcus Johnson', 'manager'),
('b1000000-0000-0000-0000-000000000003', 'a1000000-0000-0000-0000-000000000001', 'emily.rodriguez@apexcapital.com', 'Emily Rodriguez', 'viewer');

-- ============================================================
-- 3. PORTFOLIO
-- ============================================================
INSERT INTO portfolios (id, org_id, name, description, metadata) VALUES
('c1000000-0000-0000-0000-000000000001', 'a1000000-0000-0000-0000-000000000001', 'Southeast Commercial Portfolio', 'Core portfolio of commercial properties across the southeastern United States, focused on office, retail, and industrial assets in high-growth markets.', '{"target_return": 8.5, "risk_profile": "moderate"}');

-- ============================================================
-- 4. PROPERTIES (10)
-- ============================================================
INSERT INTO properties (id, portfolio_id, org_id, name, address, city, state, zip, lat, lng, property_type, total_sqft, year_built, acquisition_date, acquisition_price, current_value, metadata) VALUES
('d1000000-0000-0000-0000-000000000001', 'c1000000-0000-0000-0000-000000000001', 'a1000000-0000-0000-0000-000000000001',
 'Peachtree Tower', '3344 Peachtree Rd NE', 'Atlanta', 'GA', '30326',
 33.8463, -84.3621, 'office', 180000, 2001, '2021-06-15', 42000000, 46500000,
 '{"parking_spaces": 450, "floors": 12, "energy_rating": "B+"}'),

('d1000000-0000-0000-0000-000000000002', 'c1000000-0000-0000-0000-000000000001', 'a1000000-0000-0000-0000-000000000001',
 'Music Row Commons', '1204 16th Ave S', 'Nashville', 'TN', '37212',
 36.1510, -86.7936, 'retail', 65000, 2015, '2022-03-01', 14500000, 16200000,
 '{"parking_spaces": 180, "anchor_tenant": true}'),

('d1000000-0000-0000-0000-000000000003', 'c1000000-0000-0000-0000-000000000001', 'a1000000-0000-0000-0000-000000000001',
 'Gateway Industrial Park', '8500 Statesville Rd', 'Charlotte', 'NC', '28269',
 35.3271, -80.8571, 'industrial', 250000, 1992, '2021-11-01', 18750000, 21000000,
 '{"dock_doors": 24, "clear_height_ft": 32, "rail_access": true}'),

('d1000000-0000-0000-0000-000000000004', 'c1000000-0000-0000-0000-000000000001', 'a1000000-0000-0000-0000-000000000001',
 'Research Triangle Office Center', '4000 Centregreen Way', 'Raleigh', 'NC', '27513',
 35.8553, -78.8430, 'office', 120000, 2018, '2023-01-15', 31200000, 33800000,
 '{"parking_spaces": 320, "floors": 8, "leed_certified": true}'),

('d1000000-0000-0000-0000-000000000005', 'c1000000-0000-0000-0000-000000000001', 'a1000000-0000-0000-0000-000000000001',
 'King Street Mixed Use', '278 King St', 'Charleston', 'SC', '29401',
 32.7834, -79.9371, 'mixed_use', 45000, 2020, '2023-05-01', 13500000, 14800000,
 '{"parking_spaces": 85, "floors": 3, "historic_district": true}'),

('d1000000-0000-0000-0000-000000000006', 'c1000000-0000-0000-0000-000000000001', 'a1000000-0000-0000-0000-000000000001',
 'Bayshore Retail Center', '3702 W Gandy Blvd', 'Tampa', 'FL', '33611',
 27.8858, -82.5271, 'retail', 85000, 2008, '2022-08-15', 19000000, 17800000,
 '{"parking_spaces": 340, "outparcels": 2}'),

('d1000000-0000-0000-0000-000000000007', 'c1000000-0000-0000-0000-000000000001', 'a1000000-0000-0000-0000-000000000001',
 'Riverside Professional Plaza', '1301 Riverplace Blvd', 'Jacksonville', 'FL', '32207',
 30.3186, -81.6568, 'office', 95000, 2005, '2021-09-01', 16800000, 17500000,
 '{"parking_spaces": 240, "floors": 6, "river_view": true}'),

('d1000000-0000-0000-0000-000000000008', 'c1000000-0000-0000-0000-000000000001', 'a1000000-0000-0000-0000-000000000001',
 'Irondale Distribution Hub', '2100 Old Grants Mill Rd', 'Birmingham', 'AL', '35210',
 33.4962, -86.7131, 'industrial', 200000, 1988, '2021-04-01', 12000000, 13200000,
 '{"dock_doors": 18, "clear_height_ft": 28, "yard_space_sqft": 45000}'),

('d1000000-0000-0000-0000-000000000009', 'c1000000-0000-0000-0000-000000000001', 'a1000000-0000-0000-0000-000000000001',
 'Historic District Shoppes', '340 Bull St', 'Savannah', 'GA', '31401',
 32.0729, -81.0958, 'retail', 32000, 1995, '2022-12-01', 6400000, 7100000,
 '{"parking_spaces": 60, "historic_facade": true}'),

('d1000000-0000-0000-0000-00000000000a', 'c1000000-0000-0000-0000-000000000001', 'a1000000-0000-0000-0000-000000000001',
 'Brickell Financial Center', '1450 Brickell Ave', 'Miami', 'FL', '33131',
 25.7582, -80.1918, 'office', 150000, 2022, '2023-09-01', 67500000, 72000000,
 '{"parking_spaces": 380, "floors": 15, "leed_certified": true, "energy_rating": "A"}');

-- ============================================================
-- 5. SPACES (79 total)
-- ============================================================

-- Property 1: Peachtree Tower, Atlanta (8 spaces, 6 occupied)
INSERT INTO spaces (id, property_id, org_id, name, floor, sqft, status, space_type) VALUES
('e1010001-0000-0000-0000-000000000000', 'd1000000-0000-0000-0000-000000000001', 'a1000000-0000-0000-0000-000000000001', 'Suite 100', '1', 30000, 'occupied', 'office'),
('e1010002-0000-0000-0000-000000000000', 'd1000000-0000-0000-0000-000000000001', 'a1000000-0000-0000-0000-000000000001', 'Suite 200', '2', 25000, 'occupied', 'office'),
('e1010003-0000-0000-0000-000000000000', 'd1000000-0000-0000-0000-000000000001', 'a1000000-0000-0000-0000-000000000001', 'Suite 300', '3', 22000, 'occupied', 'office'),
('e1010004-0000-0000-0000-000000000000', 'd1000000-0000-0000-0000-000000000001', 'a1000000-0000-0000-0000-000000000001', 'Suite 400', '4', 20000, 'occupied', 'office'),
('e1010005-0000-0000-0000-000000000000', 'd1000000-0000-0000-0000-000000000001', 'a1000000-0000-0000-0000-000000000001', 'Suite 500', '5', 18000, 'occupied', 'office'),
('e1010006-0000-0000-0000-000000000000', 'd1000000-0000-0000-0000-000000000001', 'a1000000-0000-0000-0000-000000000001', 'Suite 600', '6', 25000, 'vacant', 'office'),
('e1010007-0000-0000-0000-000000000000', 'd1000000-0000-0000-0000-000000000001', 'a1000000-0000-0000-0000-000000000001', 'Suite 700', '7', 22000, 'occupied', 'office'),
('e1010008-0000-0000-0000-000000000000', 'd1000000-0000-0000-0000-000000000001', 'a1000000-0000-0000-0000-000000000001', 'Suite 800', '8', 18000, 'vacant', 'office');

-- Property 2: Music Row Commons, Nashville (10 spaces, 8 occupied)
INSERT INTO spaces (id, property_id, org_id, name, floor, sqft, status, space_type) VALUES
('e1020001-0000-0000-0000-000000000000', 'd1000000-0000-0000-0000-000000000002', 'a1000000-0000-0000-0000-000000000001', 'Unit 101', '1', 8000, 'occupied', 'retail'),
('e1020002-0000-0000-0000-000000000000', 'd1000000-0000-0000-0000-000000000002', 'a1000000-0000-0000-0000-000000000001', 'Unit 102', '1', 6500, 'occupied', 'retail'),
('e1020003-0000-0000-0000-000000000000', 'd1000000-0000-0000-0000-000000000002', 'a1000000-0000-0000-0000-000000000001', 'Unit 103', '1', 7500, 'occupied', 'retail'),
('e1020004-0000-0000-0000-000000000000', 'd1000000-0000-0000-0000-000000000002', 'a1000000-0000-0000-0000-000000000001', 'Unit 104', '1', 5500, 'occupied', 'retail'),
('e1020005-0000-0000-0000-000000000000', 'd1000000-0000-0000-0000-000000000002', 'a1000000-0000-0000-0000-000000000001', 'Unit 105', '1', 6500, 'vacant', 'retail'),
('e1020006-0000-0000-0000-000000000000', 'd1000000-0000-0000-0000-000000000002', 'a1000000-0000-0000-0000-000000000001', 'Unit 106', '1', 7000, 'occupied', 'retail'),
('e1020007-0000-0000-0000-000000000000', 'd1000000-0000-0000-0000-000000000002', 'a1000000-0000-0000-0000-000000000001', 'Unit 107', '1', 5000, 'occupied', 'retail'),
('e1020008-0000-0000-0000-000000000000', 'd1000000-0000-0000-0000-000000000002', 'a1000000-0000-0000-0000-000000000001', 'Unit 108', '1', 6000, 'occupied', 'retail'),
('e1020009-0000-0000-0000-000000000000', 'd1000000-0000-0000-0000-000000000002', 'a1000000-0000-0000-0000-000000000001', 'Unit 109', '1', 7000, 'vacant', 'retail'),
('e102000a-0000-0000-0000-000000000000', 'd1000000-0000-0000-0000-000000000002', 'a1000000-0000-0000-0000-000000000001', 'Unit 110', '1', 6000, 'occupied', 'retail');

-- Property 3: Gateway Industrial Park, Charlotte (5 spaces, 5 occupied)
INSERT INTO spaces (id, property_id, org_id, name, floor, sqft, status, space_type) VALUES
('e1030001-0000-0000-0000-000000000000', 'd1000000-0000-0000-0000-000000000003', 'a1000000-0000-0000-0000-000000000001', 'Bay A', '1', 60000, 'occupied', 'warehouse'),
('e1030002-0000-0000-0000-000000000000', 'd1000000-0000-0000-0000-000000000003', 'a1000000-0000-0000-0000-000000000001', 'Bay B', '1', 55000, 'occupied', 'warehouse'),
('e1030003-0000-0000-0000-000000000000', 'd1000000-0000-0000-0000-000000000003', 'a1000000-0000-0000-0000-000000000001', 'Bay C', '1', 50000, 'occupied', 'warehouse'),
('e1030004-0000-0000-0000-000000000000', 'd1000000-0000-0000-0000-000000000003', 'a1000000-0000-0000-0000-000000000001', 'Bay D', '1', 45000, 'occupied', 'warehouse'),
('e1030005-0000-0000-0000-000000000000', 'd1000000-0000-0000-0000-000000000003', 'a1000000-0000-0000-0000-000000000001', 'Bay E', '1', 40000, 'occupied', 'storage');

-- Property 4: Research Triangle Office Center, Raleigh (9 spaces, 8 occupied)
INSERT INTO spaces (id, property_id, org_id, name, floor, sqft, status, space_type) VALUES
('e1040001-0000-0000-0000-000000000000', 'd1000000-0000-0000-0000-000000000004', 'a1000000-0000-0000-0000-000000000001', 'Suite 100', '1', 18000, 'occupied', 'office'),
('e1040002-0000-0000-0000-000000000000', 'd1000000-0000-0000-0000-000000000004', 'a1000000-0000-0000-0000-000000000001', 'Suite 200', '2', 15000, 'occupied', 'office'),
('e1040003-0000-0000-0000-000000000000', 'd1000000-0000-0000-0000-000000000004', 'a1000000-0000-0000-0000-000000000001', 'Suite 300', '3', 14000, 'occupied', 'office'),
('e1040004-0000-0000-0000-000000000000', 'd1000000-0000-0000-0000-000000000004', 'a1000000-0000-0000-0000-000000000001', 'Suite 310', '3', 10000, 'occupied', 'office'),
('e1040005-0000-0000-0000-000000000000', 'd1000000-0000-0000-0000-000000000004', 'a1000000-0000-0000-0000-000000000001', 'Suite 400', '4', 16000, 'occupied', 'office'),
('e1040006-0000-0000-0000-000000000000', 'd1000000-0000-0000-0000-000000000004', 'a1000000-0000-0000-0000-000000000001', 'Suite 500', '5', 13000, 'occupied', 'office'),
('e1040007-0000-0000-0000-000000000000', 'd1000000-0000-0000-0000-000000000004', 'a1000000-0000-0000-0000-000000000001', 'Suite 600', '6', 12000, 'occupied', 'office'),
('e1040008-0000-0000-0000-000000000000', 'd1000000-0000-0000-0000-000000000004', 'a1000000-0000-0000-0000-000000000001', 'Suite 700', '7', 11000, 'occupied', 'office'),
('e1040009-0000-0000-0000-000000000000', 'd1000000-0000-0000-0000-000000000004', 'a1000000-0000-0000-0000-000000000001', 'Suite 800', '8', 11000, 'vacant', 'office');

-- Property 5: King Street Mixed Use, Charleston (8 spaces, 6 occupied)
INSERT INTO spaces (id, property_id, org_id, name, floor, sqft, status, space_type) VALUES
('e1050001-0000-0000-0000-000000000000', 'd1000000-0000-0000-0000-000000000005', 'a1000000-0000-0000-0000-000000000001', 'Unit 1A', '1', 6000, 'occupied', 'retail'),
('e1050002-0000-0000-0000-000000000000', 'd1000000-0000-0000-0000-000000000005', 'a1000000-0000-0000-0000-000000000001', 'Unit 1B', '1', 5000, 'occupied', 'retail'),
('e1050003-0000-0000-0000-000000000000', 'd1000000-0000-0000-0000-000000000005', 'a1000000-0000-0000-0000-000000000001', 'Unit 1C', '1', 4500, 'vacant', 'retail'),
('e1050004-0000-0000-0000-000000000000', 'd1000000-0000-0000-0000-000000000005', 'a1000000-0000-0000-0000-000000000001', 'Unit 2A', '2', 7000, 'occupied', 'office'),
('e1050005-0000-0000-0000-000000000000', 'd1000000-0000-0000-0000-000000000005', 'a1000000-0000-0000-0000-000000000001', 'Unit 2B', '2', 6500, 'occupied', 'office'),
('e1050006-0000-0000-0000-000000000000', 'd1000000-0000-0000-0000-000000000005', 'a1000000-0000-0000-0000-000000000001', 'Unit 2C', '2', 5500, 'vacant', 'office'),
('e1050007-0000-0000-0000-000000000000', 'd1000000-0000-0000-0000-000000000005', 'a1000000-0000-0000-0000-000000000001', 'Unit 3A', '3', 5500, 'occupied', 'office'),
('e1050008-0000-0000-0000-000000000000', 'd1000000-0000-0000-0000-000000000005', 'a1000000-0000-0000-0000-000000000001', 'Unit 3B', '3', 5000, 'occupied', 'retail');

-- Property 6: Bayshore Retail Center, Tampa (12 spaces, 9 occupied)
INSERT INTO spaces (id, property_id, org_id, name, floor, sqft, status, space_type) VALUES
('e1060001-0000-0000-0000-000000000000', 'd1000000-0000-0000-0000-000000000006', 'a1000000-0000-0000-0000-000000000001', 'Store 1', '1', 10000, 'occupied', 'retail'),
('e1060002-0000-0000-0000-000000000000', 'd1000000-0000-0000-0000-000000000006', 'a1000000-0000-0000-0000-000000000001', 'Store 2', '1', 8500, 'occupied', 'retail'),
('e1060003-0000-0000-0000-000000000000', 'd1000000-0000-0000-0000-000000000006', 'a1000000-0000-0000-0000-000000000001', 'Store 3', '1', 7500, 'occupied', 'retail'),
('e1060004-0000-0000-0000-000000000000', 'd1000000-0000-0000-0000-000000000006', 'a1000000-0000-0000-0000-000000000001', 'Store 4', '1', 6000, 'occupied', 'retail'),
('e1060005-0000-0000-0000-000000000000', 'd1000000-0000-0000-0000-000000000006', 'a1000000-0000-0000-0000-000000000001', 'Store 5', '1', 7000, 'occupied', 'retail'),
('e1060006-0000-0000-0000-000000000000', 'd1000000-0000-0000-0000-000000000006', 'a1000000-0000-0000-0000-000000000001', 'Store 6', '1', 8000, 'vacant', 'retail'),
('e1060007-0000-0000-0000-000000000000', 'd1000000-0000-0000-0000-000000000006', 'a1000000-0000-0000-0000-000000000001', 'Store 7', '1', 6500, 'occupied', 'retail'),
('e1060008-0000-0000-0000-000000000000', 'd1000000-0000-0000-0000-000000000006', 'a1000000-0000-0000-0000-000000000001', 'Store 8', '1', 7000, 'occupied', 'retail'),
('e1060009-0000-0000-0000-000000000000', 'd1000000-0000-0000-0000-000000000006', 'a1000000-0000-0000-0000-000000000001', 'Store 9', '1', 5500, 'occupied', 'retail'),
('e106000a-0000-0000-0000-000000000000', 'd1000000-0000-0000-0000-000000000006', 'a1000000-0000-0000-0000-000000000001', 'Store 10', '1', 6500, 'vacant', 'retail'),
('e106000b-0000-0000-0000-000000000000', 'd1000000-0000-0000-0000-000000000006', 'a1000000-0000-0000-0000-000000000001', 'Store 11', '1', 7000, 'occupied', 'retail'),
('e106000c-0000-0000-0000-000000000000', 'd1000000-0000-0000-0000-000000000006', 'a1000000-0000-0000-0000-000000000001', 'Store 12', '1', 5500, 'vacant', 'retail');

-- Property 7: Riverside Professional Plaza, Jacksonville (7 spaces, 6 occupied)
INSERT INTO spaces (id, property_id, org_id, name, floor, sqft, status, space_type) VALUES
('e1070001-0000-0000-0000-000000000000', 'd1000000-0000-0000-0000-000000000007', 'a1000000-0000-0000-0000-000000000001', 'Suite 100', '1', 16000, 'occupied', 'office'),
('e1070002-0000-0000-0000-000000000000', 'd1000000-0000-0000-0000-000000000007', 'a1000000-0000-0000-0000-000000000001', 'Suite 200', '2', 15000, 'occupied', 'office'),
('e1070003-0000-0000-0000-000000000000', 'd1000000-0000-0000-0000-000000000007', 'a1000000-0000-0000-0000-000000000001', 'Suite 300', '3', 14000, 'occupied', 'office'),
('e1070004-0000-0000-0000-000000000000', 'd1000000-0000-0000-0000-000000000007', 'a1000000-0000-0000-0000-000000000001', 'Suite 400', '4', 13000, 'occupied', 'office'),
('e1070005-0000-0000-0000-000000000000', 'd1000000-0000-0000-0000-000000000007', 'a1000000-0000-0000-0000-000000000001', 'Suite 500', '5', 13000, 'occupied', 'office'),
('e1070006-0000-0000-0000-000000000000', 'd1000000-0000-0000-0000-000000000007', 'a1000000-0000-0000-0000-000000000001', 'Suite 600', '6', 12000, 'occupied', 'office'),
('e1070007-0000-0000-0000-000000000000', 'd1000000-0000-0000-0000-000000000007', 'a1000000-0000-0000-0000-000000000001', 'Suite 700', '7', 12000, 'vacant', 'office');

-- Property 8: Irondale Distribution Hub, Birmingham (4 spaces, 4 occupied)
INSERT INTO spaces (id, property_id, org_id, name, floor, sqft, status, space_type) VALUES
('e1080001-0000-0000-0000-000000000000', 'd1000000-0000-0000-0000-000000000008', 'a1000000-0000-0000-0000-000000000001', 'Dock A', '1', 60000, 'occupied', 'warehouse'),
('e1080002-0000-0000-0000-000000000000', 'd1000000-0000-0000-0000-000000000008', 'a1000000-0000-0000-0000-000000000001', 'Dock B', '1', 55000, 'occupied', 'warehouse'),
('e1080003-0000-0000-0000-000000000000', 'd1000000-0000-0000-0000-000000000008', 'a1000000-0000-0000-0000-000000000001', 'Dock C', '1', 50000, 'occupied', 'warehouse'),
('e1080004-0000-0000-0000-000000000000', 'd1000000-0000-0000-0000-000000000008', 'a1000000-0000-0000-0000-000000000001', 'Dock D', '1', 35000, 'occupied', 'storage');

-- Property 9: Historic District Shoppes, Savannah (6 spaces, 4 occupied)
INSERT INTO spaces (id, property_id, org_id, name, floor, sqft, status, space_type) VALUES
('e1090001-0000-0000-0000-000000000000', 'd1000000-0000-0000-0000-000000000009', 'a1000000-0000-0000-0000-000000000001', 'Shop A', '1', 6000, 'occupied', 'retail'),
('e1090002-0000-0000-0000-000000000000', 'd1000000-0000-0000-0000-000000000009', 'a1000000-0000-0000-0000-000000000001', 'Shop B', '1', 5500, 'occupied', 'retail'),
('e1090003-0000-0000-0000-000000000000', 'd1000000-0000-0000-0000-000000000009', 'a1000000-0000-0000-0000-000000000001', 'Shop C', '1', 5000, 'occupied', 'retail'),
('e1090004-0000-0000-0000-000000000000', 'd1000000-0000-0000-0000-000000000009', 'a1000000-0000-0000-0000-000000000001', 'Shop D', '1', 5500, 'vacant', 'retail'),
('e1090005-0000-0000-0000-000000000000', 'd1000000-0000-0000-0000-000000000009', 'a1000000-0000-0000-0000-000000000001', 'Shop E', '1', 5000, 'occupied', 'retail'),
('e1090006-0000-0000-0000-000000000000', 'd1000000-0000-0000-0000-000000000009', 'a1000000-0000-0000-0000-000000000001', 'Shop F', '1', 5000, 'vacant', 'retail');

-- Property 10: Brickell Financial Center, Miami (10 spaces, 8 occupied)
INSERT INTO spaces (id, property_id, org_id, name, floor, sqft, status, space_type) VALUES
('e10a0001-0000-0000-0000-000000000000', 'd1000000-0000-0000-0000-00000000000a', 'a1000000-0000-0000-0000-000000000001', 'Suite 1000', '10', 20000, 'occupied', 'office'),
('e10a0002-0000-0000-0000-000000000000', 'd1000000-0000-0000-0000-00000000000a', 'a1000000-0000-0000-0000-000000000001', 'Suite 1100', '11', 18000, 'occupied', 'office'),
('e10a0003-0000-0000-0000-000000000000', 'd1000000-0000-0000-0000-00000000000a', 'a1000000-0000-0000-0000-000000000001', 'Suite 1200', '12', 16000, 'occupied', 'office'),
('e10a0004-0000-0000-0000-000000000000', 'd1000000-0000-0000-0000-00000000000a', 'a1000000-0000-0000-0000-000000000001', 'Suite 1300', '13', 14000, 'occupied', 'office'),
('e10a0005-0000-0000-0000-000000000000', 'd1000000-0000-0000-0000-00000000000a', 'a1000000-0000-0000-0000-000000000001', 'Suite 1400', '14', 15000, 'occupied', 'office'),
('e10a0006-0000-0000-0000-000000000000', 'd1000000-0000-0000-0000-00000000000a', 'a1000000-0000-0000-0000-000000000001', 'Suite 1500', '15', 14000, 'occupied', 'office'),
('e10a0007-0000-0000-0000-000000000000', 'd1000000-0000-0000-0000-00000000000a', 'a1000000-0000-0000-0000-000000000001', 'Suite 1600', '16', 13000, 'occupied', 'office'),
('e10a0008-0000-0000-0000-000000000000', 'd1000000-0000-0000-0000-00000000000a', 'a1000000-0000-0000-0000-000000000001', 'Suite 1700', '17', 15000, 'occupied', 'office'),
('e10a0009-0000-0000-0000-000000000000', 'd1000000-0000-0000-0000-00000000000a', 'a1000000-0000-0000-0000-000000000001', 'Suite 1800', '18', 13000, 'vacant', 'office'),
('e10a000a-0000-0000-0000-000000000000', 'd1000000-0000-0000-0000-00000000000a', 'a1000000-0000-0000-0000-000000000001', 'Suite 1900', '19', 12000, 'vacant', 'office');

-- ============================================================
-- 6. TENANTS (20)
-- ============================================================

-- Multi-property national chains (3)
INSERT INTO tenants (id, org_id, company_name, industry, website, primary_contact_name, primary_contact_email, primary_contact_phone, credit_rating) VALUES
('f1000001-0000-0000-0000-000000000000', 'a1000000-0000-0000-0000-000000000001', 'Brightside Coffee Co.', 'food_service', 'https://brightsidecoffee.com', 'Dana Park', 'dana.park@brightsidecoffee.com', '(615) 555-0142', 'good'),
('f1000002-0000-0000-0000-000000000000', 'a1000000-0000-0000-0000-000000000001', 'First Meridian Bank', 'finance', 'https://firstmeridianbank.com', 'Robert Kessler', 'rkessler@firstmeridian.com', '(404) 555-0198', 'excellent'),
('f1000003-0000-0000-0000-000000000000', 'a1000000-0000-0000-0000-000000000001', 'GreenLeaf Pharmacy', 'healthcare', 'https://greenleafrx.com', 'Linda Nakamura', 'lnakamura@greenleafrx.com', '(813) 555-0167', 'good');

-- Parent company with 2 subsidiaries
INSERT INTO tenants (id, org_id, company_name, industry, website, primary_contact_name, primary_contact_email, primary_contact_phone, credit_rating, parent_tenant_id) VALUES
('f1000004-0000-0000-0000-000000000000', 'a1000000-0000-0000-0000-000000000001', 'Meridian Holdings Group', 'professional_services', 'https://meridianholdings.com', 'James Whitfield', 'jwhitfield@meridianholdings.com', '(404) 555-0231', 'excellent', NULL),
('f1000005-0000-0000-0000-000000000000', 'a1000000-0000-0000-0000-000000000001', 'Meridian Property Services', 'professional_services', 'https://meridianpropsvcs.com', 'Alicia Reeves', 'areeves@meridianpropsvcs.com', '(919) 555-0144', 'good', 'f1000004-0000-0000-0000-000000000000'),
('f1000006-0000-0000-0000-000000000000', 'a1000000-0000-0000-0000-000000000001', 'Meridian Insurance Solutions', 'finance', 'https://meridianinsurance.com', 'Victor Okafor', 'vokafor@meridianins.com', '(904) 555-0188', 'good', 'f1000004-0000-0000-0000-000000000000');

-- Regular tenants (14)
INSERT INTO tenants (id, org_id, company_name, industry, website, primary_contact_name, primary_contact_email, primary_contact_phone, credit_rating) VALUES
('f1000007-0000-0000-0000-000000000000', 'a1000000-0000-0000-0000-000000000001', 'TechForge Solutions', 'technology', 'https://techforgesolutions.io', 'Priya Sharma', 'psharma@techforge.io', '(404) 555-0312', 'excellent'),
('f1000008-0000-0000-0000-000000000000', 'a1000000-0000-0000-0000-000000000001', 'Palmetto Legal Associates', 'professional_services', 'https://palmettolegal.com', 'Catherine Bellamy', 'cbellamy@palmettolegal.com', '(843) 555-0276', 'good'),
('f1000009-0000-0000-0000-000000000000', 'a1000000-0000-0000-0000-000000000001', 'Southern Comfort Dental', 'healthcare', 'https://southerncomfortdental.com', 'Dr. Michael Tran', 'mtran@scdentalgroup.com', '(615) 555-0203', 'fair'),
('f100000a-0000-0000-0000-000000000000', 'a1000000-0000-0000-0000-000000000001', 'Atlas Freight Logistics', 'retail', 'https://atlasfreight.com', 'Hank Morrison', 'hmorrison@atlasfreight.com', '(704) 555-0147', 'good'),
('f100000b-0000-0000-0000-000000000000', 'a1000000-0000-0000-0000-000000000001', 'Crescent Moon Restaurant Group', 'food_service', 'https://crescentmoonrestaurants.com', 'Sofia Marchetti', 'sofia@crescentmoon.com', '(615) 555-0329', 'fair'),
('f100000c-0000-0000-0000-000000000000', 'a1000000-0000-0000-0000-000000000001', 'DataStream Analytics', 'technology', 'https://datastreamanalytics.com', 'Kevin Liu', 'kliu@datastream.com', '(919) 555-0415', 'excellent'),
('f100000d-0000-0000-0000-000000000000', 'a1000000-0000-0000-0000-000000000001', 'Magnolia Wellness Spa', 'healthcare', 'https://magnoliawellness.com', 'Jasmine Delacroix', 'jasmine@magnoliawellness.com', '(615) 555-0188', 'good'),
('f100000e-0000-0000-0000-000000000000', 'a1000000-0000-0000-0000-000000000001', 'Red Clay Construction', 'other', 'https://redclayconstruction.com', 'Bobby Hargrove', 'bhargrove@redclay.com', '(704) 555-0256', 'fair'),
('f100000f-0000-0000-0000-000000000000', 'a1000000-0000-0000-0000-000000000001', 'Tidewater Accounting Group', 'finance', 'https://tidewatercpa.com', 'Margaret Sullivan', 'msullivan@tidewatercpa.com', '(404) 555-0178', 'good'),
('f1000010-0000-0000-0000-000000000000', 'a1000000-0000-0000-0000-000000000001', 'BlueLine Security Services', 'professional_services', 'https://bluelinesecurity.com', 'Derek Hawkins', 'dhawkins@bluelinesec.com', '(205) 555-0134', 'not_rated'),
('f1000011-0000-0000-0000-000000000000', 'a1000000-0000-0000-0000-000000000001', 'Coastal Pet Veterinary', 'healthcare', 'https://coastalpetvet.com', 'Dr. Amy Nguyen', 'anguyen@coastalpetvet.com', '(843) 555-0209', 'good'),
('f1000012-0000-0000-0000-000000000000', 'a1000000-0000-0000-0000-000000000001', 'Savannah Arts Collective', 'nonprofit', 'https://savannaharts.org', 'Eloise Chambers', 'echambers@savannaharts.org', '(912) 555-0143', 'fair'),
('f1000013-0000-0000-0000-000000000000', 'a1000000-0000-0000-0000-000000000001', 'Harmony Music Studios', 'other', 'https://harmonystudios.com', 'Marcus Bell', 'mbell@harmonystudios.com', '(615) 555-0267', 'good'),
('f1000014-0000-0000-0000-000000000000', 'a1000000-0000-0000-0000-000000000001', 'SunBelt Insurance Agency', 'finance', 'https://sunbeltinsurance.com', 'Patricia Gomez', 'pgomez@sunbeltins.com', '(919) 555-0322', 'fair');

-- ============================================================
-- 7. LEASES
-- ============================================================
-- Distribution: Only 3 tenants (Brightside Coffee, First Meridian Bank, GreenLeaf Pharmacy)
-- span multiple properties. All other 17 tenants are single-property.

-- -------------------------------------------------------
-- ACTIVE LEASES (64)
-- -------------------------------------------------------

-- Property 1: Peachtree Tower, Atlanta (6 active)
-- Tenants: TechForge(3), First Meridian Bank-chain(1), Meridian Holdings(2)
INSERT INTO leases (id, org_id, tenant_id, space_id, property_id, lease_type, status, start_date, end_date, monthly_rent, annual_rent, rent_escalation, security_deposit) VALUES
('aa000001-0000-0000-0000-000000000000', 'a1000000-0000-0000-0000-000000000001', 'f1000007-0000-0000-0000-000000000000', 'e1010001-0000-0000-0000-000000000000', 'd1000000-0000-0000-0000-000000000001', 'nnn', 'active', '2023-07-01', '2028-06-30', 80000, 960000, 3.0, 240000),
('aa000002-0000-0000-0000-000000000000', 'a1000000-0000-0000-0000-000000000001', 'f1000002-0000-0000-0000-000000000000', 'e1010002-0000-0000-0000-000000000000', 'd1000000-0000-0000-0000-000000000001', 'gross', 'active', '2022-01-01', '2027-12-31', 66667, 800000, 2.5, 200000),
('aa000003-0000-0000-0000-000000000000', 'a1000000-0000-0000-0000-000000000001', 'f1000004-0000-0000-0000-000000000000', 'e1010003-0000-0000-0000-000000000000', 'd1000000-0000-0000-0000-000000000001', 'nnn', 'active', '2023-01-01', '2029-12-31', 58667, 704000, 3.0, 176000),
('aa000004-0000-0000-0000-000000000000', 'a1000000-0000-0000-0000-000000000001', 'f1000004-0000-0000-0000-000000000000', 'e1010004-0000-0000-0000-000000000000', 'd1000000-0000-0000-0000-000000000001', 'modified_gross', 'active', '2024-03-01', '2029-02-28', 53333, 640000, 3.0, 160000),
('aa000005-0000-0000-0000-000000000000', 'a1000000-0000-0000-0000-000000000001', 'f1000007-0000-0000-0000-000000000000', 'e1010005-0000-0000-0000-000000000000', 'd1000000-0000-0000-0000-000000000001', 'nnn', 'active', '2023-09-01', '2026-07-31', 48000, 576000, 2.5, 144000),
('aa000006-0000-0000-0000-000000000000', 'a1000000-0000-0000-0000-000000000001', 'f1000007-0000-0000-0000-000000000000', 'e1010007-0000-0000-0000-000000000000', 'd1000000-0000-0000-0000-000000000001', 'modified_gross', 'active', '2024-01-01', '2028-12-31', 58667, 704000, 3.0, 176000);

-- Property 2: Music Row Commons, Nashville (8 active)
-- Tenants: Brightside Coffee-chain(1), GreenLeaf-chain(1), S.Comfort Dental(3), Harmony Music(3)
INSERT INTO leases (id, org_id, tenant_id, space_id, property_id, lease_type, status, start_date, end_date, monthly_rent, annual_rent, rent_escalation, security_deposit) VALUES
('aa000007-0000-0000-0000-000000000000', 'a1000000-0000-0000-0000-000000000001', 'f1000001-0000-0000-0000-000000000000', 'e1020001-0000-0000-0000-000000000000', 'd1000000-0000-0000-0000-000000000002', 'nnn', 'active', '2023-04-01', '2028-03-31', 18667, 224000, 3.0, 56000),
('aa000008-0000-0000-0000-000000000000', 'a1000000-0000-0000-0000-000000000001', 'f1000003-0000-0000-0000-000000000000', 'e1020002-0000-0000-0000-000000000000', 'd1000000-0000-0000-0000-000000000002', 'gross', 'active', '2023-06-01', '2028-05-31', 15167, 182000, 2.5, 45500),
('aa000009-0000-0000-0000-000000000000', 'a1000000-0000-0000-0000-000000000001', 'f1000009-0000-0000-0000-000000000000', 'e1020003-0000-0000-0000-000000000000', 'd1000000-0000-0000-0000-000000000002', 'nnn', 'active', '2024-01-01', '2028-12-31', 17500, 210000, 2.5, 52500),
('aa00000a-0000-0000-0000-000000000000', 'a1000000-0000-0000-0000-000000000001', 'f1000009-0000-0000-0000-000000000000', 'e1020004-0000-0000-0000-000000000000', 'd1000000-0000-0000-0000-000000000002', 'gross', 'active', '2023-06-01', '2026-05-31', 12833, 154000, 2.0, 38500),
('aa00000b-0000-0000-0000-000000000000', 'a1000000-0000-0000-0000-000000000001', 'f1000009-0000-0000-0000-000000000000', 'e1020006-0000-0000-0000-000000000000', 'd1000000-0000-0000-0000-000000000002', 'modified_gross', 'active', '2024-06-01', '2029-05-31', 16333, 196000, 3.0, 49000),
('aa00000c-0000-0000-0000-000000000000', 'a1000000-0000-0000-0000-000000000001', 'f1000013-0000-0000-0000-000000000000', 'e1020007-0000-0000-0000-000000000000', 'd1000000-0000-0000-0000-000000000002', 'nnn', 'active', '2024-09-01', '2027-08-31', 11667, 140000, 2.5, 35000),
('aa00000d-0000-0000-0000-000000000000', 'a1000000-0000-0000-0000-000000000001', 'f1000013-0000-0000-0000-000000000000', 'e1020008-0000-0000-0000-000000000000', 'd1000000-0000-0000-0000-000000000002', 'gross', 'active', '2024-04-01', '2027-03-31', 14000, 168000, 2.0, 42000),
('aa00000e-0000-0000-0000-000000000000', 'a1000000-0000-0000-0000-000000000001', 'f1000013-0000-0000-0000-000000000000', 'e102000a-0000-0000-0000-000000000000', 'd1000000-0000-0000-0000-000000000002', 'nnn', 'active', '2023-08-01', '2026-07-31', 14000, 168000, 2.5, 42000);

-- Property 3: Gateway Industrial Park, Charlotte (5 active)
-- Tenants: Atlas Freight(5) — logistics company leasing entire park
INSERT INTO leases (id, org_id, tenant_id, space_id, property_id, lease_type, status, start_date, end_date, monthly_rent, annual_rent, rent_escalation, security_deposit) VALUES
('aa00000f-0000-0000-0000-000000000000', 'a1000000-0000-0000-0000-000000000001', 'f100000a-0000-0000-0000-000000000000', 'e1030001-0000-0000-0000-000000000000', 'd1000000-0000-0000-0000-000000000003', 'nnn', 'active', '2022-06-01', '2029-05-31', 45000, 540000, 2.5, 135000),
('aa000010-0000-0000-0000-000000000000', 'a1000000-0000-0000-0000-000000000001', 'f100000a-0000-0000-0000-000000000000', 'e1030002-0000-0000-0000-000000000000', 'd1000000-0000-0000-0000-000000000003', 'nnn', 'active', '2022-06-01', '2029-05-31', 41250, 495000, 2.5, 123750),
('aa000011-0000-0000-0000-000000000000', 'a1000000-0000-0000-0000-000000000001', 'f100000a-0000-0000-0000-000000000000', 'e1030003-0000-0000-0000-000000000000', 'd1000000-0000-0000-0000-000000000003', 'nnn', 'active', '2023-01-01', '2027-12-31', 37500, 450000, 2.0, 112500),
('aa000012-0000-0000-0000-000000000000', 'a1000000-0000-0000-0000-000000000001', 'f100000a-0000-0000-0000-000000000000', 'e1030004-0000-0000-0000-000000000000', 'd1000000-0000-0000-0000-000000000003', 'nnn', 'active', '2023-04-01', '2028-03-31', 33750, 405000, 2.5, 101250),
('aa000013-0000-0000-0000-000000000000', 'a1000000-0000-0000-0000-000000000001', 'f100000a-0000-0000-0000-000000000000', 'e1030005-0000-0000-0000-000000000000', 'd1000000-0000-0000-0000-000000000003', 'nnn', 'active', '2022-06-01', '2029-05-31', 30000, 360000, 2.5, 90000);

-- Property 4: Research Triangle Office Center, Raleigh (8 active)
-- Tenants: Meridian Prop Svcs(3), DataStream Analytics(5)
INSERT INTO leases (id, org_id, tenant_id, space_id, property_id, lease_type, status, start_date, end_date, monthly_rent, annual_rent, rent_escalation, security_deposit) VALUES
('aa000014-0000-0000-0000-000000000000', 'a1000000-0000-0000-0000-000000000001', 'f1000005-0000-0000-0000-000000000000', 'e1040001-0000-0000-0000-000000000000', 'd1000000-0000-0000-0000-000000000004', 'nnn', 'active', '2023-07-01', '2028-06-30', 39000, 468000, 3.0, 117000),
('aa000015-0000-0000-0000-000000000000', 'a1000000-0000-0000-0000-000000000001', 'f1000005-0000-0000-0000-000000000000', 'e1040002-0000-0000-0000-000000000000', 'd1000000-0000-0000-0000-000000000004', 'nnn', 'active', '2024-01-01', '2028-12-31', 32500, 390000, 3.0, 97500),
('aa000016-0000-0000-0000-000000000000', 'a1000000-0000-0000-0000-000000000001', 'f1000005-0000-0000-0000-000000000000', 'e1040003-0000-0000-0000-000000000000', 'd1000000-0000-0000-0000-000000000004', 'modified_gross', 'active', '2023-08-01', '2026-07-31', 30333, 364000, 2.5, 91000),
('aa000017-0000-0000-0000-000000000000', 'a1000000-0000-0000-0000-000000000001', 'f100000c-0000-0000-0000-000000000000', 'e1040004-0000-0000-0000-000000000000', 'd1000000-0000-0000-0000-000000000004', 'gross', 'active', '2024-03-01', '2029-02-28', 21667, 260000, 2.5, 65000),
('aa000018-0000-0000-0000-000000000000', 'a1000000-0000-0000-0000-000000000001', 'f100000c-0000-0000-0000-000000000000', 'e1040005-0000-0000-0000-000000000000', 'd1000000-0000-0000-0000-000000000004', 'nnn', 'active', '2023-08-01', '2028-07-31', 34667, 416000, 3.5, 104000),
('aa000019-0000-0000-0000-000000000000', 'a1000000-0000-0000-0000-000000000001', 'f100000c-0000-0000-0000-000000000000', 'e1040006-0000-0000-0000-000000000000', 'd1000000-0000-0000-0000-000000000004', 'modified_gross', 'active', '2024-06-01', '2026-05-31', 28167, 338000, 2.0, 84500),
('aa00001a-0000-0000-0000-000000000000', 'a1000000-0000-0000-0000-000000000001', 'f100000c-0000-0000-0000-000000000000', 'e1040007-0000-0000-0000-000000000000', 'd1000000-0000-0000-0000-000000000004', 'gross', 'active', '2024-02-01', '2027-01-31', 26000, 312000, 2.5, 78000),
('aa00001b-0000-0000-0000-000000000000', 'a1000000-0000-0000-0000-000000000001', 'f100000c-0000-0000-0000-000000000000', 'e1040008-0000-0000-0000-000000000000', 'd1000000-0000-0000-0000-000000000004', 'gross', 'active', '2024-05-01', '2027-04-30', 23833, 286000, 2.0, 71500);

-- Property 5: King Street Mixed Use, Charleston (6 active)
-- Tenants: Brightside Coffee-chain(1), Palmetto Legal(3), Crescent Moon(2)
INSERT INTO leases (id, org_id, tenant_id, space_id, property_id, lease_type, status, start_date, end_date, monthly_rent, annual_rent, rent_escalation, security_deposit) VALUES
('aa00001c-0000-0000-0000-000000000000', 'a1000000-0000-0000-0000-000000000001', 'f1000001-0000-0000-0000-000000000000', 'e1050001-0000-0000-0000-000000000000', 'd1000000-0000-0000-0000-000000000005', 'nnn', 'active', '2023-11-01', '2028-10-31', 15000, 180000, 3.0, 45000),
('aa00001d-0000-0000-0000-000000000000', 'a1000000-0000-0000-0000-000000000001', 'f100000b-0000-0000-0000-000000000000', 'e1050002-0000-0000-0000-000000000000', 'd1000000-0000-0000-0000-000000000005', 'gross', 'active', '2024-02-01', '2027-01-31', 12500, 150000, 2.5, 37500),
('aa00001e-0000-0000-0000-000000000000', 'a1000000-0000-0000-0000-000000000001', 'f1000008-0000-0000-0000-000000000000', 'e1050004-0000-0000-0000-000000000000', 'd1000000-0000-0000-0000-000000000005', 'modified_gross', 'active', '2024-01-01', '2029-12-31', 17500, 210000, 3.0, 52500),
('aa00001f-0000-0000-0000-000000000000', 'a1000000-0000-0000-0000-000000000001', 'f1000008-0000-0000-0000-000000000000', 'e1050005-0000-0000-0000-000000000000', 'd1000000-0000-0000-0000-000000000005', 'modified_gross', 'active', '2024-04-01', '2029-03-31', 16250, 195000, 3.0, 48750),
('aa000020-0000-0000-0000-000000000000', 'a1000000-0000-0000-0000-000000000001', 'f1000008-0000-0000-0000-000000000000', 'e1050007-0000-0000-0000-000000000000', 'd1000000-0000-0000-0000-000000000005', 'gross', 'active', '2024-07-01', '2027-06-30', 13750, 165000, 2.5, 41250),
('aa000021-0000-0000-0000-000000000000', 'a1000000-0000-0000-0000-000000000001', 'f100000b-0000-0000-0000-000000000000', 'e1050008-0000-0000-0000-000000000000', 'd1000000-0000-0000-0000-000000000005', 'nnn', 'active', '2024-05-01', '2027-04-30', 12500, 150000, 2.5, 37500);

-- Property 6: Bayshore Retail Center, Tampa (9 active)
-- Tenants: Brightside Coffee-chain(1), GreenLeaf-chain(1), Coastal Pet(3), Tidewater Accounting(4)
INSERT INTO leases (id, org_id, tenant_id, space_id, property_id, lease_type, status, start_date, end_date, monthly_rent, annual_rent, rent_escalation, security_deposit) VALUES
('aa000022-0000-0000-0000-000000000000', 'a1000000-0000-0000-0000-000000000001', 'f1000001-0000-0000-0000-000000000000', 'e1060001-0000-0000-0000-000000000000', 'd1000000-0000-0000-0000-000000000006', 'nnn', 'active', '2023-03-01', '2028-02-28', 20833, 250000, 2.5, 62500),
('aa000023-0000-0000-0000-000000000000', 'a1000000-0000-0000-0000-000000000001', 'f1000003-0000-0000-0000-000000000000', 'e1060002-0000-0000-0000-000000000000', 'd1000000-0000-0000-0000-000000000006', 'gross', 'active', '2023-01-01', '2027-12-31', 17708, 212500, 2.5, 53125),
('aa000024-0000-0000-0000-000000000000', 'a1000000-0000-0000-0000-000000000001', 'f1000011-0000-0000-0000-000000000000', 'e1060003-0000-0000-0000-000000000000', 'd1000000-0000-0000-0000-000000000006', 'nnn', 'active', '2024-01-01', '2028-12-31', 15625, 187500, 3.0, 46875),
('aa000025-0000-0000-0000-000000000000', 'a1000000-0000-0000-0000-000000000001', 'f1000011-0000-0000-0000-000000000000', 'e1060004-0000-0000-0000-000000000000', 'd1000000-0000-0000-0000-000000000006', 'nnn', 'active', '2023-07-01', '2026-06-30', 12500, 150000, 3.0, 37500),
('aa000026-0000-0000-0000-000000000000', 'a1000000-0000-0000-0000-000000000001', 'f1000011-0000-0000-0000-000000000000', 'e1060005-0000-0000-0000-000000000000', 'd1000000-0000-0000-0000-000000000006', 'gross', 'active', '2023-06-01', '2026-05-31', 14583, 175000, 2.0, 43750),
('aa000027-0000-0000-0000-000000000000', 'a1000000-0000-0000-0000-000000000001', 'f100000f-0000-0000-0000-000000000000', 'e1060007-0000-0000-0000-000000000000', 'd1000000-0000-0000-0000-000000000006', 'modified_gross', 'active', '2024-08-01', '2029-07-31', 13542, 162500, 3.0, 40625),
('aa000028-0000-0000-0000-000000000000', 'a1000000-0000-0000-0000-000000000001', 'f100000f-0000-0000-0000-000000000000', 'e1060008-0000-0000-0000-000000000000', 'd1000000-0000-0000-0000-000000000006', 'gross', 'active', '2024-02-01', '2027-01-31', 14583, 175000, 2.0, 43750),
('aa000029-0000-0000-0000-000000000000', 'a1000000-0000-0000-0000-000000000001', 'f100000f-0000-0000-0000-000000000000', 'e1060009-0000-0000-0000-000000000000', 'd1000000-0000-0000-0000-000000000006', 'nnn', 'active', '2024-05-01', '2026-04-30', 11458, 137500, 2.0, 34375),
('aa00002a-0000-0000-0000-000000000000', 'a1000000-0000-0000-0000-000000000001', 'f100000f-0000-0000-0000-000000000000', 'e106000b-0000-0000-0000-000000000000', 'd1000000-0000-0000-0000-000000000006', 'nnn', 'active', '2024-11-01', '2029-10-31', 14583, 175000, 2.5, 43750);

-- Property 7: Riverside Professional Plaza, Jacksonville (6 active)
-- Tenants: First Meridian Bank-chain(1), Meridian Insurance(2), BlueLine Security(3)
INSERT INTO leases (id, org_id, tenant_id, space_id, property_id, lease_type, status, start_date, end_date, monthly_rent, annual_rent, rent_escalation, security_deposit) VALUES
('aa00002b-0000-0000-0000-000000000000', 'a1000000-0000-0000-0000-000000000001', 'f1000002-0000-0000-0000-000000000000', 'e1070001-0000-0000-0000-000000000000', 'd1000000-0000-0000-0000-000000000007', 'gross', 'active', '2022-03-01', '2027-02-28', 32000, 384000, 2.5, 96000),
('aa00002c-0000-0000-0000-000000000000', 'a1000000-0000-0000-0000-000000000001', 'f1000006-0000-0000-0000-000000000000', 'e1070002-0000-0000-0000-000000000000', 'd1000000-0000-0000-0000-000000000007', 'modified_gross', 'active', '2023-06-01', '2028-05-31', 30000, 360000, 3.0, 90000),
('aa00002d-0000-0000-0000-000000000000', 'a1000000-0000-0000-0000-000000000001', 'f1000006-0000-0000-0000-000000000000', 'e1070003-0000-0000-0000-000000000000', 'd1000000-0000-0000-0000-000000000007', 'nnn', 'active', '2023-09-01', '2026-06-30', 28000, 336000, 2.5, 84000),
('aa00002e-0000-0000-0000-000000000000', 'a1000000-0000-0000-0000-000000000001', 'f1000010-0000-0000-0000-000000000000', 'e1070004-0000-0000-0000-000000000000', 'd1000000-0000-0000-0000-000000000007', 'nnn', 'active', '2024-01-01', '2028-12-31', 26000, 312000, 3.0, 78000),
('aa00002f-0000-0000-0000-000000000000', 'a1000000-0000-0000-0000-000000000001', 'f1000010-0000-0000-0000-000000000000', 'e1070005-0000-0000-0000-000000000000', 'd1000000-0000-0000-0000-000000000007', 'gross', 'active', '2023-11-01', '2026-10-31', 26000, 312000, 2.0, 78000),
('aa000030-0000-0000-0000-000000000000', 'a1000000-0000-0000-0000-000000000001', 'f1000010-0000-0000-0000-000000000000', 'e1070006-0000-0000-0000-000000000000', 'd1000000-0000-0000-0000-000000000007', 'gross', 'active', '2024-04-01', '2026-03-31', 24000, 288000, 2.0, 72000);

-- Property 8: Irondale Distribution Hub, Birmingham (4 active)
-- Tenants: Red Clay Construction(4)
INSERT INTO leases (id, org_id, tenant_id, space_id, property_id, lease_type, status, start_date, end_date, monthly_rent, annual_rent, rent_escalation, security_deposit) VALUES
('aa000031-0000-0000-0000-000000000000', 'a1000000-0000-0000-0000-000000000001', 'f100000e-0000-0000-0000-000000000000', 'e1080001-0000-0000-0000-000000000000', 'd1000000-0000-0000-0000-000000000008', 'nnn', 'active', '2022-01-01', '2028-12-31', 40000, 480000, 2.5, 120000),
('aa000032-0000-0000-0000-000000000000', 'a1000000-0000-0000-0000-000000000001', 'f100000e-0000-0000-0000-000000000000', 'e1080002-0000-0000-0000-000000000000', 'd1000000-0000-0000-0000-000000000008', 'nnn', 'active', '2022-07-01', '2027-06-30', 36667, 440000, 2.0, 110000),
('aa000033-0000-0000-0000-000000000000', 'a1000000-0000-0000-0000-000000000001', 'f100000e-0000-0000-0000-000000000000', 'e1080003-0000-0000-0000-000000000000', 'd1000000-0000-0000-0000-000000000008', 'gross', 'active', '2023-01-01', '2028-12-31', 33333, 400000, 2.5, 100000),
('aa000034-0000-0000-0000-000000000000', 'a1000000-0000-0000-0000-000000000001', 'f100000e-0000-0000-0000-000000000000', 'e1080004-0000-0000-0000-000000000000', 'd1000000-0000-0000-0000-000000000008', 'nnn', 'active', '2022-01-01', '2028-12-31', 23333, 280000, 2.0, 70000);

-- Property 9: Historic District Shoppes, Savannah (4 active)
-- Tenants: GreenLeaf-chain(1), Savannah Arts(3)
INSERT INTO leases (id, org_id, tenant_id, space_id, property_id, lease_type, status, start_date, end_date, monthly_rent, annual_rent, rent_escalation, security_deposit) VALUES
('aa000035-0000-0000-0000-000000000000', 'a1000000-0000-0000-0000-000000000001', 'f1000003-0000-0000-0000-000000000000', 'e1090001-0000-0000-0000-000000000000', 'd1000000-0000-0000-0000-000000000009', 'gross', 'active', '2023-06-01', '2026-05-31', 11000, 132000, 2.0, 33000),
('aa000036-0000-0000-0000-000000000000', 'a1000000-0000-0000-0000-000000000001', 'f1000012-0000-0000-0000-000000000000', 'e1090002-0000-0000-0000-000000000000', 'd1000000-0000-0000-0000-000000000009', 'nnn', 'active', '2023-09-01', '2028-08-31', 10083, 121000, 2.5, 30250),
('aa000037-0000-0000-0000-000000000000', 'a1000000-0000-0000-0000-000000000001', 'f1000012-0000-0000-0000-000000000000', 'e1090003-0000-0000-0000-000000000000', 'd1000000-0000-0000-0000-000000000009', 'nnn', 'active', '2024-01-01', '2026-06-30', 9167, 110000, 2.0, 27500),
('aa000038-0000-0000-0000-000000000000', 'a1000000-0000-0000-0000-000000000001', 'f1000012-0000-0000-0000-000000000000', 'e1090005-0000-0000-0000-000000000000', 'd1000000-0000-0000-0000-000000000009', 'gross', 'active', '2024-03-01', '2027-02-28', 9167, 110000, 2.0, 27500);

-- Property 10: Brickell Financial Center, Miami (8 active)
-- Tenants: First Meridian Bank-chain(3 — Miami HQ), Magnolia Wellness(2), SunBelt Insurance(3)
INSERT INTO leases (id, org_id, tenant_id, space_id, property_id, lease_type, status, start_date, end_date, monthly_rent, annual_rent, rent_escalation, security_deposit) VALUES
('aa000039-0000-0000-0000-000000000000', 'a1000000-0000-0000-0000-000000000001', 'f1000002-0000-0000-0000-000000000000', 'e10a0001-0000-0000-0000-000000000000', 'd1000000-0000-0000-0000-00000000000a', 'gross', 'active', '2023-10-01', '2030-09-30', 75000, 900000, 3.5, 225000),
('aa00003a-0000-0000-0000-000000000000', 'a1000000-0000-0000-0000-000000000001', 'f1000002-0000-0000-0000-000000000000', 'e10a0002-0000-0000-0000-000000000000', 'd1000000-0000-0000-0000-00000000000a', 'nnn', 'active', '2024-01-01', '2030-12-31', 67500, 810000, 3.5, 202500),
('aa00003b-0000-0000-0000-000000000000', 'a1000000-0000-0000-0000-000000000001', 'f1000002-0000-0000-0000-000000000000', 'e10a0003-0000-0000-0000-000000000000', 'd1000000-0000-0000-0000-00000000000a', 'nnn', 'active', '2024-03-01', '2031-02-28', 60000, 720000, 3.0, 180000),
('aa00003c-0000-0000-0000-000000000000', 'a1000000-0000-0000-0000-000000000001', 'f100000d-0000-0000-0000-000000000000', 'e10a0004-0000-0000-0000-000000000000', 'd1000000-0000-0000-0000-00000000000a', 'modified_gross', 'active', '2024-06-01', '2031-05-31', 52500, 630000, 3.0, 157500),
('aa00003d-0000-0000-0000-000000000000', 'a1000000-0000-0000-0000-000000000001', 'f100000d-0000-0000-0000-000000000000', 'e10a0005-0000-0000-0000-000000000000', 'd1000000-0000-0000-0000-00000000000a', 'nnn', 'active', '2024-02-01', '2030-01-31', 56250, 675000, 3.5, 168750),
('aa00003e-0000-0000-0000-000000000000', 'a1000000-0000-0000-0000-000000000001', 'f1000014-0000-0000-0000-000000000000', 'e10a0006-0000-0000-0000-000000000000', 'd1000000-0000-0000-0000-00000000000a', 'nnn', 'active', '2024-04-01', '2029-03-31', 52500, 630000, 3.0, 157500),
('aa00003f-0000-0000-0000-000000000000', 'a1000000-0000-0000-0000-000000000001', 'f1000014-0000-0000-0000-000000000000', 'e10a0007-0000-0000-0000-000000000000', 'd1000000-0000-0000-0000-00000000000a', 'modified_gross', 'active', '2024-01-01', '2028-12-31', 48750, 585000, 3.0, 146250),
('aa000040-0000-0000-0000-000000000000', 'a1000000-0000-0000-0000-000000000001', 'f1000014-0000-0000-0000-000000000000', 'e10a0008-0000-0000-0000-000000000000', 'd1000000-0000-0000-0000-00000000000a', 'gross', 'active', '2024-05-01', '2029-04-30', 56250, 675000, 3.0, 168750);

-- -------------------------------------------------------
-- EXPIRED LEASES (4) — these spaces are now vacant
-- Each tenant previously had a location here, then relocated
-- -------------------------------------------------------
INSERT INTO leases (id, org_id, tenant_id, space_id, property_id, lease_type, status, start_date, end_date, monthly_rent, annual_rent, rent_escalation, security_deposit) VALUES
-- Atlanta Suite 600: Crescent Moon tried an Atlanta café, didn't renew (now in Charleston)
('aa000041-0000-0000-0000-000000000000', 'a1000000-0000-0000-0000-000000000001', 'f100000b-0000-0000-0000-000000000000', 'e1010006-0000-0000-0000-000000000000', 'd1000000-0000-0000-0000-000000000001', 'nnn', 'expired', '2022-07-01', '2025-06-30', 58333, 700000, 2.5, 175000),
-- Nashville Unit 109: Coastal Pet closed this location (now in Tampa)
('aa000042-0000-0000-0000-000000000000', 'a1000000-0000-0000-0000-000000000001', 'f1000011-0000-0000-0000-000000000000', 'e1020009-0000-0000-0000-000000000000', 'd1000000-0000-0000-0000-000000000002', 'gross', 'expired', '2022-10-01', '2025-09-30', 12833, 154000, 2.0, 38500),
-- Tampa Store 6: SunBelt Insurance moved to Miami
('aa000043-0000-0000-0000-000000000000', 'a1000000-0000-0000-0000-000000000001', 'f1000014-0000-0000-0000-000000000000', 'e1060006-0000-0000-0000-000000000000', 'd1000000-0000-0000-0000-000000000006', 'gross', 'expired', '2022-04-01', '2025-03-31', 16667, 200000, 2.0, 50000),
-- Jacksonville Suite 700: Savannah Arts outgrew the space (now in Savannah)
('aa000044-0000-0000-0000-000000000000', 'a1000000-0000-0000-0000-000000000001', 'f1000012-0000-0000-0000-000000000000', 'e1070007-0000-0000-0000-000000000000', 'd1000000-0000-0000-0000-000000000007', 'gross', 'expired', '2022-12-01', '2025-11-30', 20000, 240000, 2.0, 60000);

-- -------------------------------------------------------
-- UNDER NEGOTIATION LEASES (2) — for currently vacant spaces
-- -------------------------------------------------------
INSERT INTO leases (id, org_id, tenant_id, space_id, property_id, lease_type, status, start_date, end_date, monthly_rent, annual_rent, rent_escalation, security_deposit) VALUES
-- Atlanta Suite 800: TechForge expanding within the building (already has 3 suites)
('aa000045-0000-0000-0000-000000000000', 'a1000000-0000-0000-0000-000000000001', 'f1000007-0000-0000-0000-000000000000', 'e1010008-0000-0000-0000-000000000000', 'd1000000-0000-0000-0000-000000000001', 'nnn', 'under_negotiation', '2026-05-01', '2031-04-30', 45000, 540000, 3.0, 135000),
-- Charleston Unit 1C: Brightside Coffee adding a second location in same building
('aa000046-0000-0000-0000-000000000000', 'a1000000-0000-0000-0000-000000000001', 'f1000001-0000-0000-0000-000000000000', 'e1050003-0000-0000-0000-000000000000', 'd1000000-0000-0000-0000-000000000005', 'nnn', 'under_negotiation', '2026-04-01', '2031-03-31', 10500, 126000, 3.0, 31500);

-- ============================================================
-- 8. AUDIT LOG (10 entries)
-- ============================================================
INSERT INTO audit_log (id, org_id, entity_type, entity_id, action, field_name, old_value, new_value, changed_by, changed_at, change_source) VALUES
-- Property creations
('bb000001-0000-0000-0000-000000000000', 'a1000000-0000-0000-0000-000000000001', 'property', 'd1000000-0000-0000-0000-000000000001', 'create', NULL, NULL, '{"name": "Peachtree Tower", "city": "Atlanta"}', 'b1000000-0000-0000-0000-000000000001', '2021-06-15 09:00:00+00', 'ui'),
('bb000002-0000-0000-0000-000000000000', 'a1000000-0000-0000-0000-000000000001', 'property', 'd1000000-0000-0000-0000-00000000000a', 'create', NULL, NULL, '{"name": "Brickell Financial Center", "city": "Miami"}', 'b1000000-0000-0000-0000-000000000001', '2023-09-01 10:30:00+00', 'ui'),
('bb000003-0000-0000-0000-000000000000', 'a1000000-0000-0000-0000-000000000001', 'property', 'd1000000-0000-0000-0000-000000000003', 'create', NULL, NULL, '{"name": "Gateway Industrial Park", "city": "Charlotte"}', 'b1000000-0000-0000-0000-000000000002', '2021-11-01 14:15:00+00', 'csv_import'),

-- Property value update: Peachtree Tower appreciated
('bb000004-0000-0000-0000-000000000000', 'a1000000-0000-0000-0000-000000000001', 'property', 'd1000000-0000-0000-0000-000000000001', 'update', 'current_value', '44000000', '46500000', 'b1000000-0000-0000-0000-000000000002', '2025-09-15 11:00:00+00', 'ui'),
-- Property value update: Bayshore depreciated
('bb000005-0000-0000-0000-000000000000', 'a1000000-0000-0000-0000-000000000001', 'property', 'd1000000-0000-0000-0000-000000000006', 'update', 'current_value', '19000000', '17800000', 'b1000000-0000-0000-0000-000000000002', '2025-06-01 09:30:00+00', 'api'),

-- Lease status changes: active → expired
('bb000006-0000-0000-0000-000000000000', 'a1000000-0000-0000-0000-000000000001', 'lease', 'aa000041-0000-0000-0000-000000000000', 'update', 'status', '"active"', '"expired"', 'b1000000-0000-0000-0000-000000000001', '2025-06-30 17:00:00+00', 'system'),
('bb000007-0000-0000-0000-000000000000', 'a1000000-0000-0000-0000-000000000001', 'lease', 'aa000043-0000-0000-0000-000000000000', 'update', 'status', '"active"', '"expired"', 'b1000000-0000-0000-0000-000000000001', '2025-03-31 17:00:00+00', 'system'),

-- Tenant credit rating update
('bb000008-0000-0000-0000-000000000000', 'a1000000-0000-0000-0000-000000000001', 'tenant', 'f100000b-0000-0000-0000-000000000000', 'update', 'credit_rating', '"good"', '"fair"', 'b1000000-0000-0000-0000-000000000002', '2025-04-10 14:20:00+00', 'ui'),

-- Tenant created via CSV import
('bb000009-0000-0000-0000-000000000000', 'a1000000-0000-0000-0000-000000000001', 'tenant', 'f100000a-0000-0000-0000-000000000000', 'create', NULL, NULL, '{"company_name": "Atlas Freight Logistics"}', 'b1000000-0000-0000-0000-000000000002', '2022-05-20 10:00:00+00', 'csv_import'),

-- Space status change after tenant moved out
('bb00000a-0000-0000-0000-000000000000', 'a1000000-0000-0000-0000-000000000001', 'space', 'e1010006-0000-0000-0000-000000000000', 'update', 'status', '"occupied"', '"vacant"', 'b1000000-0000-0000-0000-000000000001', '2025-07-01 09:00:00+00', 'system');

COMMIT;

-- ============================================================
-- SEED DATA SUMMARY
-- ============================================================
-- Organization:   1 (Apex Capital Partners)
-- Users:          3 (admin, manager, viewer)
-- Portfolio:      1 (Southeast Commercial Portfolio)
-- Properties:     10 (4 office, 3 retail, 2 industrial, 1 mixed_use)
-- Spaces:         79 (64 occupied, 15 vacant) = 81% occupancy
-- Tenants:        20 (3 multi-property chains, 1 parent + 2 subsidiaries)
-- Leases:         70 (64 active, 4 expired, 2 under_negotiation)
-- Audit log:      10 entries
-- ============================================================
